{
  "timestamp": "2025-09-29T00:30:45.469745",
  "configuration": {
    "dataset": "mnist",
    "comparison_type": "drop-in",
    "clients": 50,
    "iid": false,
    "epochs": 1,
    "batch_size": 32,
    "learning_rate": 0.001
  },
  "results": {
    "vanilla": {
      "accuracy_history": [
        0.7971000075340271,
        0.8841999769210815,
        0.9351000189781189,
        0.9476000070571899,
        0.9534000158309937,
        0.9585000276565552,
        0.9607999920845032,
        0.9620000123977661,
        0.9631999731063843,
        0.963699996471405
      ],
      "communication_costs": [
        100,
        100,
        100,
        100,
        100,
        100,
        100,
        100,
        100,
        100
      ],
      "round_times": [
        141.5881416797638,
        48.227710247039795,
        45.285584688186646,
        45.3071813583374,
        44.98460006713867,
        44.946208238601685,
        43.61340022087097,
        47.75136160850525,
        44.85856080055237,
        43.61047053337097
      ]
    },
    "hierarchical": {
      "method": "hierarchical",
      "accuracy_history": [
        0.7793999910354614,
        0.9020000100135803,
        0.9549999833106995,
        0.9574999809265137,
        0.9696999788284302,
        0.9726999998092651,
        0.9771999716758728,
        0.9790999889373779,
        0.98089998960495,
        0.982200026512146
      ],
      "communication_costs": [
        120,
        120,
        120,
        120,
        120,
        120,
        120,
        120,
        120,
        120
      ],
      "round_times": [
        128.66205072402954,
        44.77024602890015,
        44.99832367897034,
        43.67445969581604,
        45.85562515258789,
        45.720502614974976,
        45.75687265396118,
        45.01120591163635,
        45.94088673591614,
        43.40481686592102
      ]
    },
    "drop_in": {
      "method": "hierarchical",
      "accuracy_history": [
        0.8072999715805054,
        0.9363999962806702,
        0.9638000130653381,
        0.9672999978065491,
        0.9743000268936157,
        0.9761999845504761,
        0.9796000123023987,
        0.98089998960495,
        0.9829999804496765,
        0.9830999970436096
      ],
      "communication_costs": [
        180,
        180,
        180,
        180,
        180,
        180,
        180,
        180,
        180,
        180
      ],
      "round_times": [
        164.34364891052246,
        75.16429615020752,
        70.13048243522644,
        73.70012259483337,
        70.55474400520325,
        71.04053115844727,
        72.5457808971405,
        72.47412633895874,
        74.08942198753357,
        76.05651617050171
      ]
    }
  }
}