{
  "timestamp": "2025-09-29T06:22:29.713004",
  "configuration": {
    "dataset": "mnist",
    "comparison_type": "compare",
    "clients": 100,
    "iid": false,
    "epochs": 1,
    "batch_size": 32,
    "learning_rate": 0.001
  },
  "results": {
    "vanilla": {
      "accuracy_history": [
        0.7200999855995178,
        0.8180999755859375,
        0.8414000272750854,
        0.8662999868392944,
        0.8851000070571899,
        0.9003000259399414,
        0.9114999771118164,
        0.9186000227928162,
        0.9236000180244446,
        0.9254000186920166
      ],
      "communication_costs": [
        200,
        200,
        200,
        200,
        200,
        200,
        200,
        200,
        200,
        200
      ],
      "round_times": [
        212.77555108070374,
        62.926931619644165,
        61.4583854675293,
        59.17707061767578,
        56.62525486946106,
        58.01972007751465,
        58.32184100151062,
        60.44003200531006,
        58.41458749771118,
        58.07415199279785
      ]
    }
  }
}