{
  "timestamp": "2025-09-28T23:30:19.750854",
  "configuration": {
    "dataset": "mnist",
    "comparison_type": "compare",
    "clients": 20,
    "iid": false,
    "epochs": 1,
    "batch_size": 32,
    "learning_rate": 0.001
  },
  "results": {
    "vanilla": {
      "accuracy_history": [
        0.7802000045776367,
        0.8614000082015991,
        0.883400022983551,
        0.9128000140190125,
        0.9351000189781189,
        0.9460999965667725,
        0.9539999961853027,
        0.9573000073432922,
        0.9613999724388123,
        0.9632999897003174
      ],
      "communication_costs": [
        40,
        40,
        40,
        40,
        40,
        40,
        40,
        40,
        40,
        40
      ],
      "round_times": [
        79.746417760849,
        38.61567997932434,
        37.744489431381226,
        37.123552083969116,
        37.04357290267944,
        38.333385705947876,
        40.2638783454895,
        43.900118350982666,
        40.496530294418335,
        36.09568524360657
      ]
    }
  }
}