{
  "timestamp": "2025-09-28T23:48:23.012033",
  "configuration": {
    "dataset": "mnist",
    "comparison_type": "drop-in",
    "clients": 20,
    "iid": false,
    "epochs": 1,
    "batch_size": 32,
    "learning_rate": 0.001
  },
  "results": {
    "vanilla": {
      "accuracy_history": [
        0.7802000045776367,
        0.8614000082015991,
        0.883400022983551,
        0.9128000140190125,
        0.9351000189781189,
        0.9460999965667725,
        0.9539999961853027,
        0.9573000073432922,
        0.9613999724388123,
        0.9632999897003174
      ],
      "communication_costs": [
        40,
        40,
        40,
        40,
        40,
        40,
        40,
        40,
        40,
        40
      ],
      "round_times": [
        79.746417760849,
        38.61567997932434,
        37.744489431381226,
        37.123552083969116,
        37.04357290267944,
        38.333385705947876,
        40.2638783454895,
        43.900118350982666,
        40.496530294418335,
        36.09568524360657
      ]
    },
    "hierarchical": {
      "method": "hierarchical",
      "accuracy_history": [
        0.8016999959945679,
        0.8648999929428101,
        0.9021000266075134,
        0.9088000059127808,
        0.9452999830245972,
        0.953499972820282,
        0.9610999822616577,
        0.9639999866485596,
        0.9718999862670898,
        0.9726999998092651
      ],
      "communication_costs": [
        50,
        50,
        50,
        50,
        50,
        50,
        50,
        50,
        50,
        50
      ],
      "round_times": [
        67.45658755302429,
        39.0324182510376,
        38.0065655708313,
        35.46051025390625,
        39.817588806152344,
        36.511406660079956,
        36.72896647453308,
        35.50560474395752,
        37.759876012802124,
        35.57061195373535
      ]
    },
    "drop_in": {
      "method": "hierarchical",
      "accuracy_history": [
        0.8090000152587891,
        0.870199978351593,
        0.8982999920845032,
        0.9236000180244446,
        0.942799985408783,
        0.9509000182151794,
        0.9584000110626221,
        0.9653000235557556,
        0.9664999842643738,
        0.9682000279426575
      ],
      "communication_costs": [
        80,
        80,
        80,
        80,
        80,
        80,
        80,
        80,
        80,
        80
      ],
      "round_times": [
        98.66835165023804,
        64.35867595672607,
        63.892250537872314,
        63.18043541908264,
        63.22461700439453,
        63.44985795021057,
        63.87525177001953,
        64.44711065292358,
        64.19666337966919,
        71.04424357414246
      ]
    }
  }
}