{
  "timestamp": "2025-09-29T01:06:51.530882",
  "configuration": {
    "dataset": "cifar10",
    "comparison_type": "compare",
    "clients": 20,
    "iid": false,
    "epochs": 1,
    "batch_size": 32,
    "learning_rate": 0.001
  },
  "results": {
    "vanilla": {
      "accuracy_history": [
        0.1964000016450882,
        0.25850000977516174,
        0.27559998631477356,
        0.29089999198913574,
        0.30300000309944153,
        0.3018999993801117,
        0.30079999566078186,
        0.29510000348091125,
        0.29249998927116394,
        0.2888000011444092
      ],
      "communication_costs": [
        40,
        40,
        40,
        40,
        40,
        40,
        40,
        40,
        40,
        40
      ],
      "round_times": [
        146.38876938819885,
        71.52649521827698,
        75.95565509796143,
        74.81149172782898,
        72.3985447883606,
        73.92991352081299,
        73.81261587142944,
        73.3317482471466,
        74.2944700717926,
        78.27436470985413
      ]
    }
  }
}