{
  "timestamp": "2025-09-29T00:08:09.966663",
  "configuration": {
    "dataset": "mnist",
    "comparison_type": "compare",
    "clients": 50,
    "iid": false,
    "epochs": 1,
    "batch_size": 32,
    "learning_rate": 0.001
  },
  "results": {
    "vanilla": {
      "accuracy_history": [
        0.7971000075340271,
        0.8841999769210815,
        0.9351000189781189,
        0.9476000070571899,
        0.9534000158309937,
        0.9585000276565552,
        0.9607999920845032,
        0.9620000123977661,
        0.9631999731063843,
        0.963699996471405
      ],
      "communication_costs": [
        100,
        100,
        100,
        100,
        100,
        100,
        100,
        100,
        100,
        100
      ],
      "round_times": [
        141.5881416797638,
        48.227710247039795,
        45.285584688186646,
        45.3071813583374,
        44.98460006713867,
        44.946208238601685,
        43.61340022087097,
        47.75136160850525,
        44.85856080055237,
        43.61047053337097
      ]
    }
  }
}