{
  "timestamp": "20250910_003900",
  "configuration": {
    "iid": true,
    "model": "standard",
    "method": "compare"
  },
  "results": {
    "FedAvg": {
      "final_accuracy": 0.6953999996185303,
      "convergence_rate": 0.028768422572236312,
      "communication_cost": 336042500
    },
    "FedProx": {
      "final_accuracy": 0.707099974155426,
      "convergence_rate": 0.031347366932191346,
      "communication_cost": 336042500
    },
    "SCAFFOLD": {
      "final_accuracy": 0.6998999714851379,
      "convergence_rate": 0.031199999153614044,
      "communication_cost": 672085000
    },
    "FedOpt-Adam": {
      "final_accuracy": 0.10000000149011612,
      "convergence_rate": -0.00015263141770111886,
      "communication_cost": 336042500
    }
  }
}