{
  "config": {
    "dataset": "mnist",
    "method": "fedavg",
    "clients": 30,
    "rounds": 50,
    "local_epochs": 5,
    "batch_size": 32,
    "iid": false
  },
  "results": {
    "accuracy_history": [
      0.9373999834060669,
      0.9708999991416931,
      0.9782999753952026,
      0.9822999835014343,
      0.9850999712944031,
      0.9868000149726868,
      0.9872000217437744,
      0.9882000088691711,
      0.989300012588501,
      0.989799976348877,
      0.989799976348877,
      0.9902999997138977,
      0.9908000230789185,
      0.9911999702453613,
      0.991599977016449,
      0.9916999936103821,
      0.9914000034332275,
      0.9912999868392944,
      0.9914000034332275,
      0.9916999936103821,
      0.9916999936103821,
      0.9921000003814697,
      0.9921000003814697,
      0.9925000071525574,
      0.992900013923645,
      0.9929999709129333,
      0.9929999709129333,
      0.9932000041007996,
      0.9933000206947327,
      0.9929999709129333,
      0.9934999942779541,
      0.9936000108718872,
      0.9940000176429749,
      0.9940000176429749,
      0.9937999844551086,
      0.9934999942779541,
      0.9934999942779541,
      0.9937999844551086,
      0.9934999942779541,
      0.9940000176429749,
      0.9936000108718872,
      0.9940999746322632,
      0.9940000176429749,
      0.9941999912261963,
      0.9939000010490417,
      0.9934999942779541,
      0.9940999746322632,
      0.9939000010490417,
      0.9939000010490417,
      0.9941999912261963
    ],
    "loss_history": [
      0.7474989295005798,
      0.09897135943174362,
      0.06518056988716125,
      0.05226771906018257,
      0.044630903750658035,
      0.03970465809106827,
      0.03665457293391228,
      0.034117139875888824,
      0.03226490318775177,
      0.03080391325056553,
      0.029119476675987244,
      0.028477514162659645,
      0.02799677662551403,
      0.02754734270274639,
      0.026038959622383118,
      0.025851482525467873,
      0.02632380649447441,
      0.02641127072274685,
      0.026188058778643608,
      0.025032496079802513,
      0.024886155501008034,
      0.024055980145931244,
      0.024110712110996246,
      0.02376975305378437,
      0.022517820820212364,
      0.022325405851006508,
      0.02337593026459217,
      0.022713474929332733,
      0.021966833621263504,
      0.0226620864123106,
      0.02257481962442398,
      0.02275073155760765,
      0.022430356591939926,
      0.021976793184876442,
      0.022323619574308395,
      0.022569233551621437,
      0.022560689598321915,
      0.022418497130274773,
      0.021865274757146835,
      0.021895043551921844,
      0.02267783135175705,
      0.022308260202407837,
      0.022290589287877083,
      0.022070564329624176,
      0.022236449643969536,
      0.022054821252822876,
      0.021487105637788773,
      0.021159159019589424,
      0.02163272723555565,
      0.021255699917674065
    ],
    "round_times": [
      202.94855070114136,
      106.90239357948303,
      103.96248745918274,
      105.25944972038269,
      99.52367734909058,
      103.47695732116699,
      106.87250471115112,
      103.73000621795654,
      92.42238855361938,
      77.14080572128296,
      77.7383623123169,
      79.69354343414307,
      79.70519089698792,
      80.43295550346375,
      75.18369603157043,
      75.86757826805115,
      78.03123879432678,
      73.504221200943,
      78.27354764938354,
      77.74086833000183,
      81.87239789962769,
      81.5620174407959,
      80.11356258392334,
      82.9807550907135,
      80.95224165916443,
      82.06527209281921,
      79.06313705444336,
      81.47246646881104,
      81.9131669998169,
      80.13323926925659,
      83.003009557724,
      82.73695826530457,
      79.00204300880432,
      74.22733616828918,
      81.50484371185303,
      80.34070706367493,
      81.64286804199219,
      81.78245282173157,
      80.61623620986938,
      77.24589943885803,
      79.18580484390259,
      76.5210268497467,
      75.98726797103882,
      78.43162250518799,
      80.61132001876831,
      119.36239671707153,
      118.70583844184875,
      116.16937041282654,
      117.16563892364502,
      97.81061935424805
    ],
    "final_accuracy": 0.9941999912261963,
    "final_loss": 0.021255699917674065,
    "total_time": 4452.591940641403,
    "avg_time_per_round": 89.05183881282807
  }
}