{
  "config": {
    "dataset": "mnist",
    "method": "anticlustering",
    "clients": 30,
    "rounds": 50,
    "local_epochs": 5,
    "batch_size": 32,
    "iid": false
  },
  "results": {
    "accuracy_history": [
      0.9179999828338623,
      0.9614999890327454,
      0.9747999906539917,
      0.98089998960495,
      0.9840999841690063,
      0.9860000014305115,
      0.9871000051498413,
      0.9876999855041504,
      0.9889000058174133,
      0.9890999794006348,
      0.9894999861717224,
      0.9896000027656555,
      0.9901000261306763,
      0.9904000163078308,
      0.9908000230789185,
      0.9912999868392944,
      0.9911999702453613,
      0.9908999800682068,
      0.9909999966621399,
      0.9916999936103821,
      0.991599977016449,
      0.9922999739646912,
      0.9922000169754028,
      0.9922999739646912,
      0.9919999837875366,
      0.9923999905586243,
      0.9927999973297119,
      0.9916999936103821,
      0.9927999973297119,
      0.992900013923645,
      0.9927999973297119,
      0.9932000041007996,
      0.9926999807357788,
      0.9930999875068665,
      0.9932000041007996,
      0.9932000041007996,
      0.993399977684021,
      0.9927999973297119,
      0.9932000041007996,
      0.993399977684021,
      0.993399977684021,
      0.9933000206947327,
      0.992900013923645,
      0.9936000108718872,
      0.9930999875068665,
      0.9930999875068665,
      0.9934999942779541,
      0.9929999709129333,
      0.9934999942779541,
      0.9932000041007996
    ],
    "loss_history": [
      2.011474609375,
      0.12709492444992065,
      0.0756388008594513,
      0.05830508470535278,
      0.04900413006544113,
      0.0434451662003994,
      0.03934942185878754,
      0.03653194010257721,
      0.03386616334319115,
      0.032839104533195496,
      0.03156242147088051,
      0.03111393377184868,
      0.03017621673643589,
      0.02908753976225853,
      0.028844289481639862,
      0.027638934552669525,
      0.027870971709489822,
      0.027855684980750084,
      0.027695419266819954,
      0.027006981894373894,
      0.02604672499001026,
      0.026063568890094757,
      0.025617919862270355,
      0.02564764767885208,
      0.02498866617679596,
      0.025080470368266106,
      0.025072433054447174,
      0.025073662400245667,
      0.024772582575678825,
      0.02490026317536831,
      0.024474043399095535,
      0.023836569860577583,
      0.024211052805185318,
      0.023668620735406876,
      0.02385997772216797,
      0.02367698773741722,
      0.023371588438749313,
      0.02413051761686802,
      0.023613216355443,
      0.023174915462732315,
      0.024343442171812057,
      0.023719973862171173,
      0.024006789550185204,
      0.023679094389081,
      0.024062657728791237,
      0.0244698878377676,
      0.024317188188433647,
      0.02371067740023136,
      0.023383326828479767,
      0.023494042456150055
    ],
    "round_times": [
      194.94588017463684,
      93.26101112365723,
      116.10870718955994,
      92.90016031265259,
      87.43273711204529,
      85.86576080322266,
      88.01832604408264,
      81.33831214904785,
      85.53263545036316,
      87.61190605163574,
      85.94036889076233,
      87.25756883621216,
      86.37979578971863,
      85.53174233436584,
      85.10271406173706,
      84.99518632888794,
      84.8562216758728,
      88.23136329650879,
      82.15834951400757,
      86.88062047958374,
      84.70264863967896,
      84.8748505115509,
      85.40293860435486,
      86.84795713424683,
      86.70632791519165,
      92.08539628982544,
      85.973153591156,
      78.47435283660889,
      79.85134506225586,
      81.71218204498291,
      77.08830833435059,
      79.17766237258911,
      83.20453977584839,
      78.10305261611938,
      76.93126177787781,
      85.9433114528656,
      97.8780665397644,
      112.89903688430786,
      109.93030333518982,
      112.45017218589783,
      110.0169312953949,
      111.1425564289093,
      109.514404296875,
      118.91263008117676,
      185.19260239601135,
      97.49223375320435,
      98.33813261985779,
      99.41622066497803,
      95.84921669960022,
      98.52798795700073
    ],
    "final_accuracy": 0.9932000041007996,
    "final_loss": 0.023494042456150055,
    "total_time": 4754.989151716232,
    "avg_time_per_round": 95.09978303432464
  }
}