{
  "config": {
    "dataset": "mnist",
    "method": "agglomerative-inter",
    "clients": 20,
    "rounds": 20,
    "local_epochs": 5,
    "batch_size": 32,
    "iid": false
  },
  "results": {
    "accuracy_history": [
      0.6689000129699707,
      0.9093999862670898,
      0.9534000158309937,
      0.958899974822998,
      0.97079998254776,
      0.9761000275611877,
      0.9765999913215637,
      0.9793999791145325,
      0.9810000061988831,
      0.98089998960495,
      0.9807000160217285,
      0.9825999736785889,
      0.9825999736785889,
      0.9818000197410583,
      0.9842000007629395,
      0.9822999835014343,
      0.9850999712944031,
      0.9835000038146973,
      0.9825000166893005,
      0.9839000105857849
    ],
    "loss_history": [
      2.1650736331939697,
      1.0930453538894653,
      0.19864149391651154,
      0.1382465362548828,
      0.09239189326763153,
      0.07589530944824219,
      0.07765056192874908,
      0.06601394712924957,
      0.06291532516479492,
      0.06150353327393532,
      0.06468110531568527,
      0.057224854826927185,
      0.061809394508600235,
      0.059747450053691864,
      0.05707458034157753,
      0.06130467355251312,
      0.05571357533335686,
      0.062459710985422134,
      0.07028476893901825,
      0.05860520154237747
    ],
    "round_times": [
      49.30260396003723,
      46.97602915763855,
      46.62929153442383,
      46.66433596611023,
      48.028077363967896,
      60.25481557846069,
      47.399813413619995,
      47.912514448165894,
      47.53825497627258,
      46.98370432853699,
      47.09659433364868,
      46.842758893966675,
      47.37933039665222,
      47.24665021896362,
      47.29496622085571,
      47.263060331344604,
      47.601330041885376,
      47.46903872489929,
      47.26924991607666,
      47.44053840637207
    ],
    "final_accuracy": 0.9839000105857849,
    "final_loss": 0.05860520154237747,
    "total_time": 960.5929582118988,
    "avg_time_per_round": 48.02964791059494
  }
}