{
  "config": {
    "dataset": "mnist",
    "method": "fedavg",
    "clients": 20,
    "rounds": 20,
    "local_epochs": 5,
    "batch_size": 32,
    "iid": false
  },
  "results": {
    "accuracy_history": [
      0.9451000094413757,
      0.97079998254776,
      0.9805999994277954,
      0.9837999939918518,
      0.9868999719619751,
      0.9878000020980835,
      0.9889000058174133,
      0.9896000027656555,
      0.9901000261306763,
      0.9898999929428101,
      0.9908000230789185,
      0.9916999936103821,
      0.9914000034332275,
      0.9911999702453613,
      0.9911999702453613,
      0.9914000034332275,
      0.9921000003814697,
      0.9922999739646912,
      0.9916999936103821,
      0.9922999739646912
    ],
    "loss_history": [
      0.6282849311828613,
      0.09103439003229141,
      0.05822082981467247,
      0.04692435264587402,
      0.03922407701611519,
      0.03670120984315872,
      0.03204407915472984,
      0.03028339520096779,
      0.029190540313720703,
      0.029290148988366127,
      0.02755608595907688,
      0.026858337223529816,
      0.025721866637468338,
      0.026004422456026077,
      0.025689272210001945,
      0.025846878066658974,
      0.025087352842092514,
      0.024252524599432945,
      0.024259736761450768,
      0.023851804435253143
    ],
    "round_times": [
      166.8959560394287,
      171.78900504112244,
      209.28448486328125,
      156.81134247779846,
      153.1646692752838,
      154.5719394683838,
      154.64675903320312,
      153.87188124656677,
      181.7450258731842,
      157.0201759338379,
      162.13997650146484,
      153.9429202079773,
      156.54367780685425,
      157.1537697315216,
      157.76963233947754,
      154.3645920753479,
      154.323424577713,
      158.76178216934204,
      154.44786596298218,
      159.65024495124817
    ],
    "final_accuracy": 0.9922999739646912,
    "final_loss": 0.023851804435253143,
    "total_time": 3228.8991255760193,
    "avg_time_per_round": 161.44495627880096
  }
}