{
  "config": {
    "dataset": "mnist",
    "method": "anticlustering",
    "clients": 30,
    "rounds": 50,
    "local_epochs": 5,
    "batch_size": 32,
    "iid": false
  },
  "results": {
    "accuracy_history": [
      0.897599995136261,
      0.9603000283241272,
      0.9735999703407288,
      0.9785000085830688,
      0.9811999797821045,
      0.9836999773979187,
      0.9850999712944031,
      0.9861000180244446,
      0.9872000217437744,
      0.9878000020980835,
      0.9886999726295471,
      0.9889000058174133,
      0.9890999794006348,
      0.9898999929428101,
      0.989799976348877,
      0.989799976348877,
      0.9904999732971191,
      0.9904999732971191,
      0.9907000064849854,
      0.9914000034332275,
      0.9919999837875366,
      0.991100013256073,
      0.991599977016449,
      0.9919999837875366,
      0.9921000003814697,
      0.9919000267982483,
      0.9916999936103821,
      0.9922000169754028,
      0.9921000003814697,
      0.9926999807357788,
      0.9926000237464905,
      0.9922000169754028,
      0.9921000003814697,
      0.9927999973297119,
      0.9922999739646912,
      0.9923999905586243,
      0.9923999905586243,
      0.9926999807357788,
      0.9922000169754028,
      0.9926999807357788,
      0.992900013923645,
      0.9932000041007996,
      0.9926999807357788,
      0.9930999875068665,
      0.992900013923645,
      0.9933000206947327,
      0.992900013923645,
      0.9923999905586243,
      0.9921000003814697,
      0.9926000237464905
    ],
    "loss_history": [
      1.6982390880584717,
      0.12633194029331207,
      0.07885971665382385,
      0.06128533184528351,
      0.0521213673055172,
      0.045131389051675797,
      0.04213611036539078,
      0.0392635278403759,
      0.037801966071128845,
      0.034742966294288635,
      0.032580770552158356,
      0.032451290637254715,
      0.03188974782824516,
      0.030106885358691216,
      0.029996713623404503,
      0.030042089521884918,
      0.02900686301290989,
      0.028606409206986427,
      0.028732439503073692,
      0.027541393414139748,
      0.026963120326399803,
      0.02782343700528145,
      0.028057945892214775,
      0.02677827514708042,
      0.026647085323929787,
      0.0261221993714571,
      0.026112424209713936,
      0.026048703119158745,
      0.026517074555158615,
      0.024514827877283096,
      0.024055350571870804,
      0.025572417303919792,
      0.025950968265533447,
      0.02456655725836754,
      0.02554979734122753,
      0.024872316047549248,
      0.025368914008140564,
      0.025315511971712112,
      0.02618064545094967,
      0.024327488616108894,
      0.024641290307044983,
      0.024635573849081993,
      0.02417583204805851,
      0.024164626374840736,
      0.024742163717746735,
      0.02463735267519951,
      0.024567043408751488,
      0.025527747347950935,
      0.02604065276682377,
      0.025741657242178917
    ],
    "round_times": [
      139.07646083831787,
      68.00676655769348,
      65.02691411972046,
      94.50629115104675,
      94.9602267742157,
      95.18295645713806,
      96.54603838920593,
      100.66968894004822,
      101.57358598709106,
      93.86136436462402,
      74.72339797019958,
      72.17772006988525,
      70.49736785888672,
      68.46925354003906,
      65.52262425422668,
      65.36984252929688,
      67.94666028022766,
      69.55991578102112,
      70.99392938613892,
      69.62009263038635,
      72.30838060379028,
      71.59520483016968,
      72.61529564857483,
      68.63904333114624,
      80.19803047180176,
      70.26795864105225,
      69.9858627319336,
      66.31600880622864,
      73.46835160255432,
      79.05319809913635,
      94.72607326507568,
      97.75480437278748,
      85.42126727104187,
      84.48158740997314,
      88.96042227745056,
      101.04559874534607,
      95.22197437286377,
      92.94243049621582,
      98.65568828582764,
      88.65767097473145,
      90.66486144065857,
      97.13907742500305,
      100.5809645652771,
      97.34093141555786,
      95.79350018501282,
      92.93132662773132,
      83.42546129226685,
      93.29962277412415,
      97.936279296875,
      121.44431018829346
    ],
    "final_accuracy": 0.9926000237464905,
    "final_loss": 0.025741657242178917,
    "total_time": 4267.162285327911,
    "avg_time_per_round": 85.34324570655822
  }
}